<?xml version="1.0" encoding="UTF-8"?>
<!DOCTYPE suite SYSTEM "http://testng.org/testng-1.0.dtd">
<!--created by anandu.v@accrodx.com-->
<!--Parameter values for deviceID - Android, IOS, POCO-F1-->
<suite name="Enhapp Automation Testing Suite">
<!--<suite name="Enhapp Automation Testing Suite" parallel = "tests">-->
    <listeners>
        <listener class-name="com.enhapp.app.reportsconfig.AppTestListeners"/>
    </listeners>
    <test verbose="10"  name="Enhapp-Android">
        <parameter name="deviceID" value="Android"/>
        <classes>
            <class name="com.enhapp.app.tests.AppTest"/>
        </classes>
    </test>
<!--    <test verbose="10"  name="Enhapp-IOS">-->
<!--        <parameter name="deviceID" value="IOS"/>-->
<!--        <classes>-->
<!--            <class name="com.enhapp.app.tests.AppTest"/>-->
<!--        </classes>-->
<!--    </test>-->
 <!--   <test verbose="10"  name="Enhapp-POCO-F1">
        <parameter name="deviceID" value="POCO-F1"/>
        <classes>
            <class name="com.enhapp.app.tests.AppTest"/>
        </classes>
    </test>-->
</suite>



